{
  "version": 1,
  "author": "Anonymous maker",
  "editor": "wokwi",
  "parts": [
    { "type": "wokwi-arduino-uno", "id": "uno", "top": 67.8, "left": 153, "attrs": {} },
    { "type": "wokwi-ds1307", "id": "rtc1", "top": -91.8, "left": -19.1, "attrs": {} },
    { "type": "wokwi-dht22", "id": "dht1", "top": 38.7, "left": -91.8, "attrs": {} },
    {
      "type": "wokwi-lcd1602",
      "id": "lcd1",
      "top": -99.2,
      "left": 120.8,
      "attrs": { "pins": "i2c" }
    },
    {
      "type": "wokwi-buzzer",
      "id": "bz1",
      "top": 204,
      "left": -84.6,
      "attrs": { "volume": "0.1" }
    }
  ],
  "connections": [
    [ "rtc1:5V", "uno:5V", "red", [ "h-19.2", "v86", "h124.8", "v307.2", "h192" ] ],
    [ "rtc1:GND", "uno:GND.2", "black", [ "h-38.4", "v105.6", "h124.8", "v278.4", "h9.6" ] ],
    [ "rtc1:SDA", "uno:A4", "green", [ "h-48", "v57.3", "h172.8", "v288", "h278.4" ] ],
    [ "rtc1:SCL", "uno:A5", "green", [ "h-67.2", "v57.4", "h182.4", "v288", "h307.2" ] ],
    [ "dht1:VCC", "uno:5V", "red", [ "v19.2", "h134.4", "v144", "h249.6" ] ],
    [ "dht1:GND", "uno:GND.3", "black", [ "v9.6", "h115.2", "v153.6", "h259.2" ] ],
    [ "lcd1:SDA", "uno:A4", "green", [ "h-28.8", "v355.4", "h307.2" ] ],
    [ "lcd1:SCL", "uno:A5", "green", [ "h-19.2", "v336.3", "h307.2" ] ],
    [ "lcd1:VCC", "uno:5V", "red", [ "h-28.8", "v384.1", "h211.2" ] ],
    [ "lcd1:GND", "uno:GND.3", "black", [ "h-38.4", "v364.8", "h249.6" ] ],
    [ "bz1:2", "uno:8", "green", [ "v9.6", "h182", "v-240", "h192" ] ],
    [ "bz1:1", "uno:GND.3", "green", [ "v38.4", "h393.6" ] ],
    [ "dht1:SDA", "uno:2", "green", [ "v38.4", "h211.3", "v-144", "h230.4" ] ]
  ],
  "dependencies": {}
}